"STATION","NAME","DATE","TAVG","TMAX","TMIN"
"USW00024044","ALLIANCE MUNICIPAL AIRPORT ASOS, NE US","2026-01-01",,"63","15"
"USW00024044","ALLIANCE MUNICIPAL AIRPORT ASOS, NE US","2026-01-02",,"47","22"
"USW00024044","ALLIANCE MUNICIPAL AIRPORT ASOS, NE US","2026-01-03",,"62","24"
"USW00024044","ALLIANCE MUNICIPAL AIRPORT ASOS, NE US","2026-01-04",,"64","30"
"USW00024044","ALLIANCE MUNICIPAL AIRPORT ASOS, NE US","2026-01-05",,"60","24"
"USW00024044","ALLIANCE MUNICIPAL AIRPORT ASOS, NE US","2026-01-06",,"56","17"
"USW00024044","ALLIANCE MUNICIPAL AIRPORT ASOS, NE US","2026-01-07",,"60","30"
"USW00024044","ALLIANCE MUNICIPAL AIRPORT ASOS, NE US","2026-01-08",,"40","14"
"USW00024044","ALLIANCE MUNICIPAL AIRPORT ASOS, NE US","2026-01-09",,"37","10"
"USW00024044","ALLIANCE MUNICIPAL AIRPORT ASOS, NE US","2026-01-10",,"46","10"
"USW00024044","ALLIANCE MUNICIPAL AIRPORT ASOS, NE US","2026-01-11",,"60","19"
"USW00024044","ALLIANCE MUNICIPAL AIRPORT ASOS, NE US","2026-01-12",,"61","16"
"USW00024044","ALLIANCE MUNICIPAL AIRPORT ASOS, NE US","2026-01-13",,"58","36"
"USW00024044","ALLIANCE MUNICIPAL AIRPORT ASOS, NE US","2026-01-14",,"47","18"
"USW00024044","ALLIANCE MUNICIPAL AIRPORT ASOS, NE US","2026-01-15",,"58","20"
"USW00024044","ALLIANCE MUNICIPAL AIRPORT ASOS, NE US","2026-01-16",,"29","11"
"USW00024044","ALLIANCE MUNICIPAL AIRPORT ASOS, NE US","2026-01-17",,"37","-2"
"USW00024044","ALLIANCE MUNICIPAL AIRPORT ASOS, NE US","2026-01-18",,"43","16"
"USW00024044","ALLIANCE MUNICIPAL AIRPORT ASOS, NE US","2026-01-19",,"40","2"
"USW00024044","ALLIANCE MUNICIPAL AIRPORT ASOS, NE US","2026-01-20",,"47","6"
"USW00024044","ALLIANCE MUNICIPAL AIRPORT ASOS, NE US","2026-01-21",,"38","4"
"USW00024044","ALLIANCE MUNICIPAL AIRPORT ASOS, NE US","2026-01-22",,"31","5"
"USW00024044","ALLIANCE MUNICIPAL AIRPORT ASOS, NE US","2026-01-23",,"6","-14"
"USW00024044","ALLIANCE MUNICIPAL AIRPORT ASOS, NE US","2026-01-24",,"13","-26"
"USW00024044","ALLIANCE MUNICIPAL AIRPORT ASOS, NE US","2026-01-25",,"5","-25"
"USW00024044","ALLIANCE MUNICIPAL AIRPORT ASOS, NE US","2026-01-26",,"37","-22"
"USW00024044","ALLIANCE MUNICIPAL AIRPORT ASOS, NE US","2026-01-27",,"42","13"
"USW00024044","ALLIANCE MUNICIPAL AIRPORT ASOS, NE US","2026-01-28",,"46","7"
"USW00024044","ALLIANCE MUNICIPAL AIRPORT ASOS, NE US","2026-01-29",,"43","20"
"USW00024044","ALLIANCE MUNICIPAL AIRPORT ASOS, NE US","2026-01-30",,"35","17"
"USW00024044","ALLIANCE MUNICIPAL AIRPORT ASOS, NE US","2026-01-31",,"52","17"
"USW00024044","ALLIANCE MUNICIPAL AIRPORT ASOS, NE US","2026-02-01",,"56","18"
"USW00024044","ALLIANCE MUNICIPAL AIRPORT ASOS, NE US","2026-02-02",,"54","21"
"USW00024044","ALLIANCE MUNICIPAL AIRPORT ASOS, NE US","2026-02-03",,"48","21"
"USW00024044","ALLIANCE MUNICIPAL AIRPORT ASOS, NE US","2026-02-04",,"53","15"
"USW00024044","ALLIANCE MUNICIPAL AIRPORT ASOS, NE US","2026-02-05",,"67","28"
"USW00024044","ALLIANCE MUNICIPAL AIRPORT ASOS, NE US","2026-02-06",,"62","17"
"USW00024044","ALLIANCE MUNICIPAL AIRPORT ASOS, NE US","2026-02-07",,"67","27"
"USW00024044","ALLIANCE MUNICIPAL AIRPORT ASOS, NE US","2026-02-08",,"63","21"
"USW00024044","ALLIANCE MUNICIPAL AIRPORT ASOS, NE US","2026-02-09",,"72","31"
"USW00024044","ALLIANCE MUNICIPAL AIRPORT ASOS, NE US","2026-02-10",,"45","20"
"USW00024044","ALLIANCE MUNICIPAL AIRPORT ASOS, NE US","2026-02-11",,"61","19"
"USW00024044","ALLIANCE MUNICIPAL AIRPORT ASOS, NE US","2026-02-12",,"57","20"
"USW00024044","ALLIANCE MUNICIPAL AIRPORT ASOS, NE US","2026-02-13",,"60","19"
"USW00024044","ALLIANCE MUNICIPAL AIRPORT ASOS, NE US","2026-02-14",,"59","19"
"USW00024044","ALLIANCE MUNICIPAL AIRPORT ASOS, NE US","2026-02-15",,"63","12"
"USW00024044","ALLIANCE MUNICIPAL AIRPORT ASOS, NE US","2026-02-16",,"65","18"
"USW00024044","ALLIANCE MUNICIPAL AIRPORT ASOS, NE US","2026-02-17",,"62","26"
"USW00024044","ALLIANCE MUNICIPAL AIRPORT ASOS, NE US","2026-02-18",,"51","11"
"USW00024044","ALLIANCE MUNICIPAL AIRPORT ASOS, NE US","2026-02-19",,"17","-10"
"USW00024044","ALLIANCE MUNICIPAL AIRPORT ASOS, NE US","2026-02-20",,"24","-14"
"USW00024044","ALLIANCE MUNICIPAL AIRPORT ASOS, NE US","2026-02-21",,"34","-1"
"USW00024044","ALLIANCE MUNICIPAL AIRPORT ASOS, NE US","2026-02-22",,"43","-3"
"USW00024044","ALLIANCE MUNICIPAL AIRPORT ASOS, NE US","2026-02-23",,"63","15"
"USW00024044","ALLIANCE MUNICIPAL AIRPORT ASOS, NE US","2026-02-24",,"59","33"
"USW00024044","ALLIANCE MUNICIPAL AIRPORT ASOS, NE US","2026-02-25",,"63","18"
"USW00024044","ALLIANCE MUNICIPAL AIRPORT ASOS, NE US","2026-02-26",,"62","15"
"USW00024044","ALLIANCE MUNICIPAL AIRPORT ASOS, NE US","2026-02-27",,"66","26"
"USW00024044","ALLIANCE MUNICIPAL AIRPORT ASOS, NE US","2026-02-28",,"60","13"
"USW00024044","ALLIANCE MUNICIPAL AIRPORT ASOS, NE US","2026-03-01",,"56","26"
"USW00024044","ALLIANCE MUNICIPAL AIRPORT ASOS, NE US","2026-03-02",,"61","28"
"USW00024044","ALLIANCE MUNICIPAL AIRPORT ASOS, NE US","2026-03-03",,"59","29"
"USW00024044","ALLIANCE MUNICIPAL AIRPORT ASOS, NE US","2026-03-04",,"62","20"
"USW00024044","ALLIANCE MUNICIPAL AIRPORT ASOS, NE US","2026-03-05",,"68","28"
"USW00024044","ALLIANCE MUNICIPAL AIRPORT ASOS, NE US","2026-03-06",,"39","11"
"USW00024044","ALLIANCE MUNICIPAL AIRPORT ASOS, NE US","2026-03-07",,"59","5"
"USW00024044","ALLIANCE MUNICIPAL AIRPORT ASOS, NE US","2026-03-08",,"73","34"
"USW00024044","ALLIANCE MUNICIPAL AIRPORT ASOS, NE US","2026-03-09",,"71","31"
"USW00024044","ALLIANCE MUNICIPAL AIRPORT ASOS, NE US","2026-03-10",,"44","27"
"USW00024044","ALLIANCE MUNICIPAL AIRPORT ASOS, NE US","2026-03-11",,"45","10"
"USW00024044","ALLIANCE MUNICIPAL AIRPORT ASOS, NE US","2026-03-12",,"71","28"
"USW00024044","ALLIANCE MUNICIPAL AIRPORT ASOS, NE US","2026-03-13",,"71","19"
"USW00024044","ALLIANCE MUNICIPAL AIRPORT ASOS, NE US","2026-03-14",,"68","16"
"USW00024044","ALLIANCE MUNICIPAL AIRPORT ASOS, NE US","2026-03-15",,"27","0"
"USW00024044","ALLIANCE MUNICIPAL AIRPORT ASOS, NE US","2026-03-16",,"39","-2"
"USW00024044","ALLIANCE MUNICIPAL AIRPORT ASOS, NE US","2026-03-17",,"71","34"
"USW00024044","ALLIANCE MUNICIPAL AIRPORT ASOS, NE US","2026-03-18",,"79","34"
"USW00024044","ALLIANCE MUNICIPAL AIRPORT ASOS, NE US","2026-03-19",,"85","26"
"USW00024044","ALLIANCE MUNICIPAL AIRPORT ASOS, NE US","2026-03-20",,"86","32"
"USW00024044","ALLIANCE MUNICIPAL AIRPORT ASOS, NE US","2026-03-21",,"91","33"
"USW00024044","ALLIANCE MUNICIPAL AIRPORT ASOS, NE US","2026-03-22",,"56","33"
"USW00024044","ALLIANCE MUNICIPAL AIRPORT ASOS, NE US","2026-03-23",,"68","37"
"USW00024044","ALLIANCE MUNICIPAL AIRPORT ASOS, NE US","2026-03-24",,"77","26"
"USW00024044","ALLIANCE MUNICIPAL AIRPORT ASOS, NE US","2026-03-25",,"89","38"
"USW00024044","ALLIANCE MUNICIPAL AIRPORT ASOS, NE US","2026-03-26",,"63","36"
"USW00024044","ALLIANCE MUNICIPAL AIRPORT ASOS, NE US","2026-03-27",,"52","34"
"USW00024044","ALLIANCE MUNICIPAL AIRPORT ASOS, NE US","2026-03-28",,"77","33"
"USW00024044","ALLIANCE MUNICIPAL AIRPORT ASOS, NE US","2026-03-29",,"80","34"
"USW00024044","ALLIANCE MUNICIPAL AIRPORT ASOS, NE US","2026-03-30",,"84","41"
"USW00024044","ALLIANCE MUNICIPAL AIRPORT ASOS, NE US","2026-03-31",,"49","36"
"USW00024044","ALLIANCE MUNICIPAL AIRPORT ASOS, NE US","2026-04-01",,"47","32"
"USW00024044","ALLIANCE MUNICIPAL AIRPORT ASOS, NE US","2026-04-02",,"68","35"
"USW00024044","ALLIANCE MUNICIPAL AIRPORT ASOS, NE US","2026-04-03",,"51","27"
"USW00024044","ALLIANCE MUNICIPAL AIRPORT ASOS, NE US","2026-04-04",,"58","26"
"USW00024044","ALLIANCE MUNICIPAL AIRPORT ASOS, NE US","2026-04-05",,"66","20"
"USW00024044","ALLIANCE MUNICIPAL AIRPORT ASOS, NE US","2026-04-06",,"55","30"
"USW00024044","ALLIANCE MUNICIPAL AIRPORT ASOS, NE US","2026-04-07",,"62","20"
"USW00024044","ALLIANCE MUNICIPAL AIRPORT ASOS, NE US","2026-04-08",,"61","35"
"USW00024044","ALLIANCE MUNICIPAL AIRPORT ASOS, NE US","2026-04-09",,"74","30"
"USW00024044","ALLIANCE MUNICIPAL AIRPORT ASOS, NE US","2026-04-10",,"60","25"
"USW00024044","ALLIANCE MUNICIPAL AIRPORT ASOS, NE US","2026-04-11",,"83","42"
"USW00024044","ALLIANCE MUNICIPAL AIRPORT ASOS, NE US","2026-04-12",,"80","39"
"USW00024044","ALLIANCE MUNICIPAL AIRPORT ASOS, NE US","2026-04-13",,"76","33"
"USW00024044","ALLIANCE MUNICIPAL AIRPORT ASOS, NE US","2026-04-14",,"66","38"
"USW00024044","ALLIANCE MUNICIPAL AIRPORT ASOS, NE US","2026-04-15",,"72","37"
"USW00024044","ALLIANCE MUNICIPAL AIRPORT ASOS, NE US","2026-04-16",,"79","37"
"USW00024044","ALLIANCE MUNICIPAL AIRPORT ASOS, NE US","2026-04-17",,"47","19"
"USW00024044","ALLIANCE MUNICIPAL AIRPORT ASOS, NE US","2026-04-18",,"55","19"
"USW00024044","ALLIANCE MUNICIPAL AIRPORT ASOS, NE US","2026-04-19",,"70","15"
"USW00024044","ALLIANCE MUNICIPAL AIRPORT ASOS, NE US","2026-04-20",,"83","28"
"US1NEBX0005","ALLIANCE 5.4 E, NE US","2026-01-01",,,
"US1NEBX0005","ALLIANCE 5.4 E, NE US","2026-01-02",,,
"US1NEBX0005","ALLIANCE 5.4 E, NE US","2026-01-03",,,
"US1NEBX0005","ALLIANCE 5.4 E, NE US","2026-01-04",,,
"US1NEBX0005","ALLIANCE 5.4 E, NE US","2026-01-05",,,
"US1NEBX0005","ALLIANCE 5.4 E, NE US","2026-01-06",,,
"US1NEBX0005","ALLIANCE 5.4 E, NE US","2026-01-07",,,
"US1NEBX0005","ALLIANCE 5.4 E, NE US","2026-01-08",,,
"US1NEBX0005","ALLIANCE 5.4 E, NE US","2026-01-09",,,
"US1NEBX0005","ALLIANCE 5.4 E, NE US","2026-01-10",,,
"US1NEBX0005","ALLIANCE 5.4 E, NE US","2026-01-11",,,
"US1NEBX0005","ALLIANCE 5.4 E, NE US","2026-01-12",,,
"US1NEBX0005","ALLIANCE 5.4 E, NE US","2026-01-13",,,
"US1NEBX0005","ALLIANCE 5.4 E, NE US","2026-01-14",,,
"US1NEBX0005","ALLIANCE 5.4 E, NE US","2026-01-15",,,
"US1NEBX0005","ALLIANCE 5.4 E, NE US","2026-01-16",,,
"US1NEBX0005","ALLIANCE 5.4 E, NE US","2026-01-17",,,
"US1NEBX0005","ALLIANCE 5.4 E, NE US","2026-01-18",,,
"US1NEBX0005","ALLIANCE 5.4 E, NE US","2026-01-19",,,
"US1NEBX0005","ALLIANCE 5.4 E, NE US","2026-01-20",,,
"US1NEBX0005","ALLIANCE 5.4 E, NE US","2026-01-21",,,
"US1NEBX0005","ALLIANCE 5.4 E, NE US","2026-01-22",,,
"US1NEBX0005","ALLIANCE 5.4 E, NE US","2026-01-23",,,
"US1NEBX0005","ALLIANCE 5.4 E, NE US","2026-01-24",,,
"US1NEBX0005","ALLIANCE 5.4 E, NE US","2026-01-25",,,
"US1NEBX0005","ALLIANCE 5.4 E, NE US","2026-01-26",,,
"US1NEBX0005","ALLIANCE 5.4 E, NE US","2026-01-27",,,
"US1NEBX0005","ALLIANCE 5.4 E, NE US","2026-01-28",,,
"US1NEBX0005","ALLIANCE 5.4 E, NE US","2026-01-29",,,
"US1NEBX0005","ALLIANCE 5.4 E, NE US","2026-01-30",,,
"US1NEBX0005","ALLIANCE 5.4 E, NE US","2026-01-31",,,
"US1NEBX0005","ALLIANCE 5.4 E, NE US","2026-02-01",,,
"US1NEBX0005","ALLIANCE 5.4 E, NE US","2026-02-02",,,
"US1NEBX0005","ALLIANCE 5.4 E, NE US","2026-02-03",,,
"US1NEBX0005","ALLIANCE 5.4 E, NE US","2026-02-04",,,
"US1NEBX0005","ALLIANCE 5.4 E, NE US","2026-02-05",,,
"US1NEBX0005","ALLIANCE 5.4 E, NE US","2026-02-06",,,
"US1NEBX0005","ALLIANCE 5.4 E, NE US","2026-02-07",,,
"US1NEBX0005","ALLIANCE 5.4 E, NE US","2026-02-08",,,
"US1NEBX0005","ALLIANCE 5.4 E, NE US","2026-02-09",,,
"US1NEBX0005","ALLIANCE 5.4 E, NE US","2026-02-10",,,
"US1NEBX0005","ALLIANCE 5.4 E, NE US","2026-02-11",,,
"US1NEBX0005","ALLIANCE 5.4 E, NE US","2026-02-12",,,
"US1NEBX0005","ALLIANCE 5.4 E, NE US","2026-02-13",,,
"US1NEBX0005","ALLIANCE 5.4 E, NE US","2026-02-14",,,
"US1NEBX0005","ALLIANCE 5.4 E, NE US","2026-02-15",,,
"US1NEBX0005","ALLIANCE 5.4 E, NE US","2026-02-16",,,
"US1NEBX0005","ALLIANCE 5.4 E, NE US","2026-02-17",,,
"US1NEBX0005","ALLIANCE 5.4 E, NE US","2026-02-18",,,
"US1NEBX0005","ALLIANCE 5.4 E, NE US","2026-02-19",,,
"US1NEBX0005","ALLIANCE 5.4 E, NE US","2026-02-20",,,
"US1NEBX0005","ALLIANCE 5.4 E, NE US","2026-02-21",,,
"US1NEBX0005","ALLIANCE 5.4 E, NE US","2026-02-22",,,
"US1NEBX0005","ALLIANCE 5.4 E, NE US","2026-02-23",,,
"US1NEBX0005","ALLIANCE 5.4 E, NE US","2026-02-24",,,
"US1NEBX0005","ALLIANCE 5.4 E, NE US","2026-02-25",,,
"US1NEBX0005","ALLIANCE 5.4 E, NE US","2026-02-26",,,
"US1NEBX0005","ALLIANCE 5.4 E, NE US","2026-02-27",,,
"US1NEBX0005","ALLIANCE 5.4 E, NE US","2026-02-28",,,
"US1NEBX0005","ALLIANCE 5.4 E, NE US","2026-03-01",,,
"US1NEBX0005","ALLIANCE 5.4 E, NE US","2026-03-02",,,
"US1NEBX0005","ALLIANCE 5.4 E, NE US","2026-03-03",,,
"US1NEBX0005","ALLIANCE 5.4 E, NE US","2026-03-04",,,
"US1NEBX0005","ALLIANCE 5.4 E, NE US","2026-03-05",,,
"US1NEBX0005","ALLIANCE 5.4 E, NE US","2026-03-06",,,
"US1NEBX0005","ALLIANCE 5.4 E, NE US","2026-03-07",,,
"US1NEBX0005","ALLIANCE 5.4 E, NE US","2026-03-08",,,
"US1NEBX0005","ALLIANCE 5.4 E, NE US","2026-03-09",,,
"US1NEBX0005","ALLIANCE 5.4 E, NE US","2026-03-10",,,
"US1NEBX0005","ALLIANCE 5.4 E, NE US","2026-03-11",,,
"US1NEBX0005","ALLIANCE 5.4 E, NE US","2026-03-12",,,
"US1NEBX0005","ALLIANCE 5.4 E, NE US","2026-03-13",,,
"US1NEBX0005","ALLIANCE 5.4 E, NE US","2026-03-14",,,
"US1NEBX0005","ALLIANCE 5.4 E, NE US","2026-03-15",,,
"US1NEBX0005","ALLIANCE 5.4 E, NE US","2026-03-16",,,
"US1NEBX0005","ALLIANCE 5.4 E, NE US","2026-03-17",,,
"US1NEBX0005","ALLIANCE 5.4 E, NE US","2026-03-18",,,
"US1NEBX0005","ALLIANCE 5.4 E, NE US","2026-03-19",,,
"US1NEBX0005","ALLIANCE 5.4 E, NE US","2026-03-20",,,
"US1NEBX0005","ALLIANCE 5.4 E, NE US","2026-03-21",,,
"US1NEBX0005","ALLIANCE 5.4 E, NE US","2026-03-22",,,
"US1NEBX0005","ALLIANCE 5.4 E, NE US","2026-03-23",,,
"US1NEBX0005","ALLIANCE 5.4 E, NE US","2026-03-24",,,
"US1NEBX0005","ALLIANCE 5.4 E, NE US","2026-03-25",,,
"US1NEBX0005","ALLIANCE 5.4 E, NE US","2026-03-26",,,
"US1NEBX0005","ALLIANCE 5.4 E, NE US","2026-03-27",,,
"US1NEBX0005","ALLIANCE 5.4 E, NE US","2026-03-28",,,
"US1NEBX0005","ALLIANCE 5.4 E, NE US","2026-03-29",,,
"US1NEBX0005","ALLIANCE 5.4 E, NE US","2026-03-30",,,
"US1NEBX0005","ALLIANCE 5.4 E, NE US","2026-03-31",,,
"US1NEBX0005","ALLIANCE 5.4 E, NE US","2026-04-01",,,
"US1NEBX0005","ALLIANCE 5.4 E, NE US","2026-04-02",,,
"US1NEBX0005","ALLIANCE 5.4 E, NE US","2026-04-03",,,
"US1NEBX0005","ALLIANCE 5.4 E, NE US","2026-04-04",,,
"US1NEBX0005","ALLIANCE 5.4 E, NE US","2026-04-05",,,
"US1NEBX0005","ALLIANCE 5.4 E, NE US","2026-04-06",,,
"US1NEBX0005","ALLIANCE 5.4 E, NE US","2026-04-07",,,
"US1NEBX0005","ALLIANCE 5.4 E, NE US","2026-04-08",,,
"US1NEBX0005","ALLIANCE 5.4 E, NE US","2026-04-09",,,
"US1NEBX0005","ALLIANCE 5.4 E, NE US","2026-04-10",,,
"US1NEBX0005","ALLIANCE 5.4 E, NE US","2026-04-11",,,
"US1NEBX0005","ALLIANCE 5.4 E, NE US","2026-04-12",,,
"US1NEBX0005","ALLIANCE 5.4 E, NE US","2026-04-13",,,
"US1NEBX0005","ALLIANCE 5.4 E, NE US","2026-04-14",,,
"US1NEBX0007","ALLIANCE 10.1 SW, NE US","2026-01-01",,,
"US1NEBX0007","ALLIANCE 10.1 SW, NE US","2026-01-02",,,
"US1NEBX0007","ALLIANCE 10.1 SW, NE US","2026-01-03",,,
"US1NEBX0007","ALLIANCE 10.1 SW, NE US","2026-01-04",,,
"US1NEBX0007","ALLIANCE 10.1 SW, NE US","2026-01-05",,,
"US1NEBX0007","ALLIANCE 10.1 SW, NE US","2026-01-06",,,
"US1NEBX0007","ALLIANCE 10.1 SW, NE US","2026-01-07",,,
"US1NEBX0007","ALLIANCE 10.1 SW, NE US","2026-01-08",,,
"US1NEBX0007","ALLIANCE 10.1 SW, NE US","2026-01-09",,,
"US1NEBX0007","ALLIANCE 10.1 SW, NE US","2026-01-10",,,
"US1NEBX0007","ALLIANCE 10.1 SW, NE US","2026-01-11",,,
"US1NEBX0007","ALLIANCE 10.1 SW, NE US","2026-01-12",,,
"US1NEBX0007","ALLIANCE 10.1 SW, NE US","2026-01-13",,,
"US1NEBX0007","ALLIANCE 10.1 SW, NE US","2026-01-14",,,
"US1NEBX0007","ALLIANCE 10.1 SW, NE US","2026-01-15",,,
"US1NEBX0007","ALLIANCE 10.1 SW, NE US","2026-01-16",,,
"US1NEBX0007","ALLIANCE 10.1 SW, NE US","2026-01-17",,,
"US1NEBX0007","ALLIANCE 10.1 SW, NE US","2026-01-18",,,
"US1NEBX0007","ALLIANCE 10.1 SW, NE US","2026-01-19",,,
"US1NEBX0007","ALLIANCE 10.1 SW, NE US","2026-01-20",,,
"US1NEBX0007","ALLIANCE 10.1 SW, NE US","2026-01-21",,,
"US1NEBX0007","ALLIANCE 10.1 SW, NE US","2026-01-22",,,
"US1NEBX0007","ALLIANCE 10.1 SW, NE US","2026-01-23",,,
"US1NEBX0007","ALLIANCE 10.1 SW, NE US","2026-01-24",,,
"US1NEBX0007","ALLIANCE 10.1 SW, NE US","2026-01-25",,,
"US1NEBX0007","ALLIANCE 10.1 SW, NE US","2026-01-26",,,
"US1NEBX0007","ALLIANCE 10.1 SW, NE US","2026-01-27",,,
"US1NEBX0007","ALLIANCE 10.1 SW, NE US","2026-01-28",,,
"US1NEBX0007","ALLIANCE 10.1 SW, NE US","2026-01-29",,,
"US1NEBX0007","ALLIANCE 10.1 SW, NE US","2026-01-30",,,
"US1NEBX0007","ALLIANCE 10.1 SW, NE US","2026-01-31",,,
"US1NEBX0007","ALLIANCE 10.1 SW, NE US","2026-02-01",,,
"US1NEBX0007","ALLIANCE 10.1 SW, NE US","2026-02-02",,,
"US1NEBX0007","ALLIANCE 10.1 SW, NE US","2026-02-03",,,
"US1NEBX0007","ALLIANCE 10.1 SW, NE US","2026-02-04",,,
"US1NEBX0007","ALLIANCE 10.1 SW, NE US","2026-02-05",,,
"US1NEBX0007","ALLIANCE 10.1 SW, NE US","2026-02-06",,,
"US1NEBX0007","ALLIANCE 10.1 SW, NE US","2026-02-07",,,
"US1NEBX0007","ALLIANCE 10.1 SW, NE US","2026-02-08",,,
"US1NEBX0007","ALLIANCE 10.1 SW, NE US","2026-02-09",,,
"US1NEBX0007","ALLIANCE 10.1 SW, NE US","2026-02-10",,,
"US1NEBX0007","ALLIANCE 10.1 SW, NE US","2026-02-11",,,
"US1NEBX0007","ALLIANCE 10.1 SW, NE US","2026-02-12",,,
"US1NEBX0007","ALLIANCE 10.1 SW, NE US","2026-02-13",,,
"US1NEBX0007","ALLIANCE 10.1 SW, NE US","2026-02-14",,,
"US1NEBX0007","ALLIANCE 10.1 SW, NE US","2026-02-15",,,
"US1NEBX0007","ALLIANCE 10.1 SW, NE US","2026-02-16",,,
"US1NEBX0007","ALLIANCE 10.1 SW, NE US","2026-02-17",,,
"US1NEBX0007","ALLIANCE 10.1 SW, NE US","2026-02-18",,,
"US1NEBX0007","ALLIANCE 10.1 SW, NE US","2026-02-19",,,
"US1NEBX0007","ALLIANCE 10.1 SW, NE US","2026-02-20",,,
"US1NEBX0007","ALLIANCE 10.1 SW, NE US","2026-02-21",,,
"US1NEBX0007","ALLIANCE 10.1 SW, NE US","2026-02-22",,,
"US1NEBX0007","ALLIANCE 10.1 SW, NE US","2026-02-23",,,
"US1NEBX0007","ALLIANCE 10.1 SW, NE US","2026-02-24",,,
"US1NEBX0007","ALLIANCE 10.1 SW, NE US","2026-02-25",,,
"US1NEBX0007","ALLIANCE 10.1 SW, NE US","2026-02-26",,,
"US1NEBX0007","ALLIANCE 10.1 SW, NE US","2026-02-27",,,
"US1NEBX0007","ALLIANCE 10.1 SW, NE US","2026-02-28",,,
"US1NEBX0007","ALLIANCE 10.1 SW, NE US","2026-03-01",,,
"US1NEBX0007","ALLIANCE 10.1 SW, NE US","2026-03-02",,,
"US1NEBX0007","ALLIANCE 10.1 SW, NE US","2026-03-03",,,
"US1NEBX0007","ALLIANCE 10.1 SW, NE US","2026-03-04",,,
"US1NEBX0007","ALLIANCE 10.1 SW, NE US","2026-03-05",,,
"US1NEBX0007","ALLIANCE 10.1 SW, NE US","2026-03-06",,,
"US1NEBX0007","ALLIANCE 10.1 SW, NE US","2026-03-07",,,
"US1NEBX0007","ALLIANCE 10.1 SW, NE US","2026-03-08",,,
"US1NEBX0007","ALLIANCE 10.1 SW, NE US","2026-03-09",,,
"US1NEBX0007","ALLIANCE 10.1 SW, NE US","2026-03-10",,,
"US1NEBX0007","ALLIANCE 10.1 SW, NE US","2026-03-11",,,
"US1NEBX0007","ALLIANCE 10.1 SW, NE US","2026-03-12",,,
"US1NEBX0007","ALLIANCE 10.1 SW, NE US","2026-03-13",,,
"US1NEBX0007","ALLIANCE 10.1 SW, NE US","2026-03-14",,,
"US1NEBX0007","ALLIANCE 10.1 SW, NE US","2026-03-15",,,
"US1NEBX0007","ALLIANCE 10.1 SW, NE US","2026-03-16",,,
"US1NEBX0007","ALLIANCE 10.1 SW, NE US","2026-03-17",,,
"US1NEBX0007","ALLIANCE 10.1 SW, NE US","2026-03-18",,,
"US1NEBX0007","ALLIANCE 10.1 SW, NE US","2026-03-19",,,
"US1NEBX0007","ALLIANCE 10.1 SW, NE US","2026-03-20",,,
"US1NEBX0007","ALLIANCE 10.1 SW, NE US","2026-03-21",,,
"US1NEBX0007","ALLIANCE 10.1 SW, NE US","2026-03-22",,,
"US1NEBX0007","ALLIANCE 10.1 SW, NE US","2026-03-23",,,
"US1NEBX0007","ALLIANCE 10.1 SW, NE US","2026-03-24",,,
"US1NEBX0007","ALLIANCE 10.1 SW, NE US","2026-03-25",,,
"US1NEBX0007","ALLIANCE 10.1 SW, NE US","2026-03-26",,,
"US1NEBX0007","ALLIANCE 10.1 SW, NE US","2026-03-27",,,
"US1NEBX0007","ALLIANCE 10.1 SW, NE US","2026-03-28",,,
"US1NEBX0007","ALLIANCE 10.1 SW, NE US","2026-03-29",,,
"US1NEBX0007","ALLIANCE 10.1 SW, NE US","2026-03-30",,,
"US1NEBX0007","ALLIANCE 10.1 SW, NE US","2026-03-31",,,
"US1NEBX0007","ALLIANCE 10.1 SW, NE US","2026-04-01",,,
"US1NEBX0007","ALLIANCE 10.1 SW, NE US","2026-04-02",,,
"US1NEBX0007","ALLIANCE 10.1 SW, NE US","2026-04-03",,,
"US1NEBX0007","ALLIANCE 10.1 SW, NE US","2026-04-04",,,
"US1NEBX0007","ALLIANCE 10.1 SW, NE US","2026-04-05",,,
"US1NEBX0007","ALLIANCE 10.1 SW, NE US","2026-04-06",,,
"US1NEBX0007","ALLIANCE 10.1 SW, NE US","2026-04-07",,,
"US1NEBX0007","ALLIANCE 10.1 SW, NE US","2026-04-08",,,
"US1NEBX0007","ALLIANCE 10.1 SW, NE US","2026-04-09",,,
"US1NEBX0007","ALLIANCE 10.1 SW, NE US","2026-04-10",,,
"US1NEBX0007","ALLIANCE 10.1 SW, NE US","2026-04-11",,,
"US1NEBX0007","ALLIANCE 10.1 SW, NE US","2026-04-12",,,
"US1NEBX0007","ALLIANCE 10.1 SW, NE US","2026-04-13",,,
"US1NEBX0007","ALLIANCE 10.1 SW, NE US","2026-04-14",,,
"US1NEBX0007","ALLIANCE 10.1 SW, NE US","2026-04-15",,,
